章节,题目,选项A,选项B,选项C,选项D,答案(A/B/C/D)
单一产地咖啡-埃塞俄比亚,埃塞俄比亚 耶加雪菲 这款单一产地咖啡的烘焙度是？,浅度烘焙,中度烘焙,深度烘焙,法式烘焙,C
单一产地咖啡-埃塞俄比亚,埃塞俄比亚 耶加雪菲 的官方风味描述是？,芬芳的薰衣草香气，明亮而优雅的柑橘风味以及悠长的香料余韵,香甜的烤坚果与浓郁可可风味，饱满而醇厚,成熟的黑布林风味，黑糖甜感中带有一丝香料的余韵,烤苹果和海盐焦糖风味、伴随肉桂与巧克力的余韵,A
单一产地咖啡-埃塞俄比亚,埃塞俄比亚 耶加雪菲 采用的生豆处理法是？,日晒法,水洗法,蜜处理法,湿刨法,B
单一产地咖啡-埃塞俄比亚,关于埃塞俄比亚与咖啡的关系，下列描述正确的是？,埃塞俄比亚是世界最大的咖啡生产国,埃塞俄比亚是咖啡的发源地,巴西是咖啡的发源地,哥伦比亚是咖啡的发源地,B
单一产地咖啡-埃塞俄比亚,耶加雪菲产区位于埃塞俄比亚的哪个州？,奥罗米亚州,西达摩州,南方各族州,阿姆哈拉州,B
单一产地咖啡-埃塞俄比亚,埃塞俄比亚 耶加雪菲 由 Peet's 采用何种烘焙手法制作？,浅烘焙手法,中烘焙手法,深烘焙手法,城市烘焙手法,C
单一产地咖啡-巴西,巴西 喜拉多 红波旁 的烘焙度是？,浅度烘焙,中度烘焙,深度烘焙,法式烘焙,B
单一产地咖啡-巴西,巴西 喜拉多 红波旁 的官方风味描述是？,芬芳的薰衣草香气，明亮而优雅的柑橘风味以及悠长的香料余韵,香甜的烤坚果与浓郁可可风味，饱满而醇厚,成熟的黑布林风味，黑糖甜感中带有一丝香料的余韵,烤苹果和海盐焦糖风味、伴随肉桂与巧克力的余韵,B
单一产地咖啡-巴西,巴西 喜拉多 红波旁 采用的生豆处理法是？,日晒法,水洗法,蜜处理法,湿刨法,A
单一产地咖啡-巴西,巴西 喜拉多 红波旁 所属的咖啡品种是？,铁皮卡,卡杜拉,红波旁,瑰夏,C
单一产地咖啡-巴西,喜拉多产区位于哪个国家？,哥伦比亚,巴西,埃塞俄比亚,哥斯达黎加,B
单一产地咖啡-巴西,关于巴西 喜拉多 红波旁 的风味特点，下列描述正确的是？,微妙甜感、高醇厚度和低酸度,较高的酸度和清新的果香,浓郁的花香和柑橘风味,强烈的香料和草药味,A
单一产地咖啡-哥斯达黎加,哥斯达黎加 塔拉珠 珍珠之湖 的烘焙度是？,浅度烘焙,中度烘焙,深度烘焙,法式烘焙,C
单一产地咖啡-哥斯达黎加,哥斯达黎加 塔拉珠 珍珠之湖 的官方风味描述是？,芬芳的薰衣草香气，明亮而优雅的柑橘风味以及悠长的香料余韵,香甜的烤坚果与浓郁可可风味，饱满而醇厚,成熟的黑布林风味，黑糖甜感中带有一丝香料的余韵,烤苹果和海盐焦糖风味、伴随肉桂与巧克力的余韵,C
单一产地咖啡-哥斯达黎加,哥斯达黎加 塔拉珠 珍珠之湖 采用的生豆处理法是？,日晒法,水洗法,蜜处理法,湿刨法,B
单一产地咖啡-哥斯达黎加,哥斯达黎加 塔拉珠 珍珠之湖 的咖啡豆来自哪个庄园？,多卡庄园,翡翠庄园,玫瑰山庄园,拉米尼塔庄园,A
单一产地咖啡-哥斯达黎加,多卡庄园由哪个家族负责运营？,洛佩兹家族,巴尔加斯家族,桑切斯家族,罗德里格斯家族,B
单一产地咖啡-哥斯达黎加,珍珠之湖 这一名称的由来是？,湖泊坐落在波阿斯火山山麓，形成一个明亮的蓝色,咖啡豆形状像珍珠,庄园主女儿的昵称,当地一个古老的传说,A
单一产地咖啡-秘鲁,秘鲁 卡哈玛卡 的烘焙度是？,浅度烘焙,中度烘焙,深度烘焙,法式烘焙,B
单一产地咖啡-秘鲁,秘鲁 卡哈玛卡 的官方风味描述是？,芬芳的薰衣草香气，明亮而优雅的柑橘风味以及悠长的香料余韵,香甜的烤坚果与浓郁可可风味，饱满而醇厚,成熟的黑布林风味，黑糖甜感中带有一丝香料的余韵,烤苹果和海盐焦糖风味、伴随肉桂与巧克力的余韵,D
单一产地咖啡-秘鲁,秘鲁 卡哈玛卡 采用的生豆处理法是？,日晒法,水洗法,蜜处理法,湿刨法,B
单一产地咖啡-秘鲁,秘鲁北部安第斯山脉地区处于哪两个地理区域的交汇之地？,大西洋斜坡与安第斯高原,干燥的太平洋斜坡与东部亚马逊盆地热带雨林,加勒比海岸与安第斯山脉,太平洋海岸与安第斯高原,B
单一产地咖啡-秘鲁,秘鲁 卡哈玛卡 的咖啡豆来自哪类生产组织？,大型种植园,单一庄园,合作社,国营农场,C
单一产地咖啡-秘鲁,下列哪些秘鲁北部省份以优质小农户咖啡著称？,利马、阿雷基帕、特鲁希略,卡哈玛卡、亚马逊和皮乌拉,库斯科、伊基托斯、阿班凯,万卡约、皮乌拉、伊基托斯,B
单一产地咖啡-苏门答腊,苏门答腊 林东 曼特宁 的烘焙度是？,浅度烘焙,中度烘焙,深度烘焙,法式烘焙,C
单一产地咖啡-苏门答腊,苏门答腊 林东 曼特宁 的官方风味描述是？,芬芳的薰衣草香气，明亮而优雅的柑橘风味以及悠长的香料余韵,香甜的烤坚果与浓郁可可风味，饱满而醇厚,成熟的黑布林风味，黑糖甜感中带有一丝香料的余韵,甘草、雪松、香料，较高的醇厚度,D
单一产地咖啡-苏门答腊,苏门答腊 林东 通常采用哪两种处理方式？,水洗法和日晒法,蜜处理法和湿刨法,湿刨法和干处理法,水洗法和蜜处理法,C
单一产地咖啡-苏门答腊,苏门答腊 林东 曼特宁 来自哪个岛屿？,爪哇岛,苏门答腊岛,加里曼丹岛,苏拉威西岛,B
单一产地咖啡-苏门答腊,林东 Nihuta 镇坐落于哪个湖泊的南部？,多巴湖,马宁焦湖,先达湖,通比湖,A
单一产地咖啡-苏门答腊,经营苏门答腊 林东 曼特宁 的家族是？,苏拉曼家族,瓦希德家族,Rumani家族,萨努西家族,C
